%time,field.header.seq,field.header.stamp,field.header.frame_id,field.robot_pos.x,field.robot_pos.y,field.robot_pos.theta,field.goal.x,field.goal.y,field.goal.z,field.dist_from_goal,field.collision.x,field.collision.y,field.collision.z,field.iteration,field.event
301632000000,0,301632000000,,0.0,0.0,0.0,7.32999992371,1.75,0.0,0.0,-100000.0,-100000.0,0.0,1,Goal registered at x:7.33 y:1.75
301733000000,1,301733000000,,0.0,0.0,0.0,7.32999992371,1.75,0.0,0.0,-100000.0,-100000.0,0.0,1,
301832000000,2,301832000000,,0.0,0.0,0.0,7.32999992371,1.75,0.0,0.0,-100000.0,-100000.0,0.0,1,
301932000000,3,301932000000,,0.0,0.0,0.0,7.32999992371,1.75,0.0,0.0,-100000.0,-100000.0,0.0,1,
302033000000,4,302033000000,,0.0,0.0,0.0,7.32999992371,1.75,0.0,0.0,-100000.0,-100000.0,0.0,1,
302132000000,5,302132000000,,0.0,0.0,0.0,7.32999992371,1.75,0.0,0.0,-100000.0,-100000.0,0.0,1,
302232000000,6,302232000000,,0.0,0.0,0.0,7.32999992371,1.75,0.0,0.0,-100000.0,-100000.0,0.0,1,
302332000000,7,302332000000,,0.0,0.0,0.0,7.32999992371,1.75,0.0,0.0,-100000.0,-100000.0,0.0,1,
302432000000,8,302432000000,,0.0,0.0,0.0,7.32999992371,1.75,0.0,0.0,-100000.0,-100000.0,0.0,1,
302533000000,9,302533000000,,0.0,0.0,0.0,7.32999992371,1.75,0.0,0.0,-100000.0,-100000.0,0.0,1,
302632000000,10,302632000000,,0.0,0.0,0.0,7.32999992371,1.75,0.0,0.0,-100000.0,-100000.0,0.0,1,
302733000000,11,302733000000,,0.0,0.0,0.0,7.32999992371,1.75,0.0,0.0,-100000.0,-100000.0,0.0,1,
302832000000,12,302832000000,,0.0,0.0,0.0,7.32999992371,1.75,0.0,0.0,-100000.0,-100000.0,0.0,1,
302933000000,13,302933000000,,0.0,0.0,0.0,7.32999992371,1.75,0.0,0.0,-100000.0,-100000.0,0.0,1,
303032000000,14,303032000000,,0.0,0.0,0.0,7.32999992371,1.75,0.0,0.0,-100000.0,-100000.0,0.0,1,
303133000000,15,303133000000,,0.0,0.0,0.0,7.32999992371,1.75,0.0,0.0,-100000.0,-100000.0,0.0,1,
303232000000,16,303232000000,,0.0,0.0,0.0,7.32999992371,1.75,0.0,0.0,-100000.0,-100000.0,0.0,1,
303333000000,17,303333000000,,0.0,0.0,0.0,7.32999992371,1.75,0.0,0.0,-100000.0,-100000.0,0.0,1,
303432000000,18,303432000000,,0.0,0.0,0.0,7.32999992371,1.75,0.0,0.0,-100000.0,-100000.0,0.0,1,
303532000000,19,303532000000,,0.0,0.0,0.0,7.32999992371,1.75,0.0,0.0,-100000.0,-100000.0,0.0,1,
303633000000,20,303633000000,,0.0,0.0,0.0,7.32999992371,1.75,0.0,0.0,-100000.0,-100000.0,0.0,1,
303732000000,21,303732000000,,0.0,0.0,0.0,7.32999992371,1.75,0.0,0.0,-100000.0,-100000.0,0.0,1,
303832000000,22,303832000000,,0.0,0.0,0.0,7.32999992371,1.75,0.0,0.0,-100000.0,-100000.0,0.0,1,
303933000000,23,303933000000,,0.0,0.0,0.0,7.32999992371,1.75,0.0,0.0,-100000.0,-100000.0,0.0,1,
304032000000,24,304032000000,,0.0,0.0,0.0,7.32999992371,1.75,0.0,0.0,-100000.0,-100000.0,0.0,1,
304133000000,25,304133000000,,0.0,0.0,0.0,7.32999992371,1.75,0.0,0.0,-100000.0,-100000.0,0.0,1,
304232000000,26,304232000000,,0.0,0.0,0.0,7.32999992371,1.75,0.0,0.0,-100000.0,-100000.0,0.0,1,
304333000000,27,304333000000,,0.0,0.0,0.0,7.32999992371,1.75,0.0,0.0,-100000.0,-100000.0,0.0,1,
304432000000,28,304432000000,,0.0,0.0,0.0,7.32999992371,1.75,0.0,0.0,-100000.0,-100000.0,0.0,1,
304533000000,29,304533000000,,0.0,0.0,0.0,7.32999992371,1.75,0.0,0.0,-100000.0,-100000.0,0.0,1,
304633000000,30,304633000000,,0.0,0.0,0.0,7.32999992371,1.75,0.0,0.0,-100000.0,-100000.0,0.0,1,
304732000000,31,304732000000,,0.0,0.0,0.0,7.32999992371,1.75,0.0,0.0,-100000.0,-100000.0,0.0,1,
304832000000,32,304832000000,,0.0,0.0,0.0,7.32999992371,1.75,0.0,0.0,-100000.0,-100000.0,0.0,1,
304932000000,33,304932000000,,0.0,0.0,0.0,7.32999992371,1.75,0.0,0.0,-100000.0,-100000.0,0.0,1,
305033000000,34,305033000000,,0.0,0.0,0.0,7.32999992371,1.75,0.0,0.0,-100000.0,-100000.0,0.0,1,
305133000000,35,305133000000,,0.0,0.0,0.0,7.32999992371,1.75,0.0,0.0,-100000.0,-100000.0,0.0,1,
305232000000,36,305232000000,,0.0,0.0,0.0,7.32999992371,1.75,0.0,0.0,-100000.0,-100000.0,0.0,1,
305332000000,37,305332000000,,0.0,0.0,0.0,7.32999992371,1.75,0.0,0.0,-100000.0,-100000.0,0.0,1,
305432000000,38,305432000000,,0.0,0.0,0.0,7.32999992371,1.75,0.0,0.0,-100000.0,-100000.0,0.0,1,
305532000000,39,305532000000,,0.0,0.0,0.0,7.32999992371,1.75,0.0,0.0,-100000.0,-100000.0,0.0,1,
305632000000,40,305632000000,,0.0,0.0,0.0,7.32999992371,1.75,0.0,0.0,-100000.0,-100000.0,0.0,1,
305732000000,41,305732000000,,0.0,0.0,0.0,7.32999992371,1.75,0.0,0.0,-100000.0,-100000.0,0.0,1,
305833000000,42,305833000000,,0.0,0.0,0.0,7.32999992371,1.75,0.0,0.0,-100000.0,-100000.0,0.0,1,
305933000000,43,305933000000,,0.0,0.0,0.0,7.32999992371,1.75,0.0,0.0,-100000.0,-100000.0,0.0,1,
306032000000,44,306032000000,,0.0,0.0,0.0,7.32999992371,1.75,0.0,0.0,-100000.0,-100000.0,0.0,1,
306132000000,45,306132000000,,0.0,0.0,0.0,7.32999992371,1.75,0.0,0.0,-100000.0,-100000.0,0.0,1,
306233000000,46,306233000000,,0.0,0.0,0.0,7.32999992371,1.75,0.0,0.0,-100000.0,-100000.0,0.0,1,
306332000000,47,306332000000,,0.0,0.0,0.0,7.32999992371,1.75,0.0,0.0,-100000.0,-100000.0,0.0,1,
306432000000,48,306432000000,,0.0,0.0,0.0,7.32999992371,1.75,0.0,0.0,-100000.0,-100000.0,0.0,1,
306532000000,49,306532000000,,0.0,0.0,0.0,7.32999992371,1.75,0.0,0.0,-100000.0,-100000.0,0.0,1,
306632000000,50,306632000000,,0.0,0.0,0.0,7.32999992371,1.75,0.0,0.0,-100000.0,-100000.0,0.0,1,
306732000000,51,306732000000,,0.0,0.0,0.0,7.32999992371,1.75,0.0,0.0,-100000.0,-100000.0,0.0,1,
306832000000,52,306832000000,,0.0,0.0,0.0,7.32999992371,1.75,0.0,0.0,-100000.0,-100000.0,0.0,1,
306932000000,53,306932000000,,0.0,0.0,0.0,7.32999992371,1.75,0.0,0.0,-100000.0,-100000.0,0.0,1,
307032000000,54,307032000000,,0.0,0.0,0.0,7.32999992371,1.75,0.0,0.0,-100000.0,-100000.0,0.0,1,
307132000000,55,307132000000,,0.0,0.0,0.0,7.32999992371,1.75,0.0,0.0,-100000.0,-100000.0,0.0,1,
307233000000,56,307233000000,,0.0,0.0,0.0,7.32999992371,1.75,0.0,0.0,-100000.0,-100000.0,0.0,1,
307332000000,57,307332000000,,0.0,0.0,0.0,7.32999992371,1.75,0.0,0.0,-100000.0,-100000.0,0.0,1,
307432000000,58,307432000000,,0.0,0.0,0.0,7.32999992371,1.75,0.0,0.0,-100000.0,-100000.0,0.0,1,
307532000000,59,307532000000,,0.0,0.0,0.0,7.32999992371,1.75,0.0,0.0,-100000.0,-100000.0,0.0,1,
307633000000,60,307633000000,,0.0,0.0,0.0,7.32999992371,1.75,0.0,0.0,-100000.0,-100000.0,0.0,1,
307732000000,61,307732000000,,0.0,0.0,0.0,7.32999992371,1.75,0.0,0.0,-100000.0,-100000.0,0.0,1,
307832000000,62,307832000000,,0.0,0.0,0.0,7.32999992371,1.75,0.0,0.0,-100000.0,-100000.0,0.0,1,
307932000000,63,307932000000,,0.0,0.0,0.0,7.32999992371,1.75,0.0,0.0,-100000.0,-100000.0,0.0,1,
308036000000,64,308036000000,,0.0,0.0,0.0,7.32999992371,1.75,0.0,0.0,-100000.0,-100000.0,0.0,1,
308132000000,65,308132000000,,0.0,0.0,0.0,7.32999992371,1.75,0.0,0.0,-100000.0,-100000.0,0.0,1,
308233000000,66,308233000000,,0.0,0.0,0.0,7.32999992371,1.75,0.0,0.0,-100000.0,-100000.0,0.0,1,
308332000000,67,308332000000,,0.0,0.0,0.0,7.32999992371,1.75,0.0,0.0,-100000.0,-100000.0,0.0,1,
308432000000,68,308432000000,,0.0,0.0,0.0,7.32999992371,1.75,0.0,0.0,-100000.0,-100000.0,0.0,1,
308532000000,69,308532000000,,0.0,0.0,0.0,7.32999992371,1.75,0.0,0.0,-100000.0,-100000.0,0.0,1,
308632000000,70,308632000000,,0.0,0.0,0.0,7.32999992371,1.75,0.0,0.0,-100000.0,-100000.0,0.0,1,
308732000000,71,308732000000,,0.0,0.0,0.0,7.32999992371,1.75,0.0,0.0,-100000.0,-100000.0,0.0,1,
308833000000,72,308833000000,,0.0,0.0,0.0,7.32999992371,1.75,0.0,0.0,-100000.0,-100000.0,0.0,1,
308933000000,73,308933000000,,0.0,0.0,0.0,7.32999992371,1.75,0.0,0.0,-100000.0,-100000.0,0.0,1,
309032000000,74,309032000000,,0.0,0.0,0.0,7.32999992371,1.75,0.0,0.0,-100000.0,-100000.0,0.0,1,
309132000000,75,309132000000,,0.0,0.0,0.0,7.32999992371,1.75,0.0,0.0,-100000.0,-100000.0,0.0,1,
309232000000,76,309232000000,,0.0,0.0,0.0,7.32999992371,1.75,0.0,0.0,-100000.0,-100000.0,0.0,1,
309332000000,77,309332000000,,0.0,0.0,0.0,7.32999992371,1.75,0.0,0.0,-100000.0,-100000.0,0.0,1,
309432000000,78,309432000000,,0.0,0.0,0.0,7.32999992371,1.75,0.0,0.0,-100000.0,-100000.0,0.0,1,
309532000000,79,309532000000,,0.0,0.0,0.0,7.32999992371,1.75,0.0,0.0,-100000.0,-100000.0,0.0,1,
309633000000,80,309633000000,,0.0,0.0,0.0,7.32999992371,1.75,0.0,0.0,-100000.0,-100000.0,0.0,1,
309733000000,81,309733000000,,0.0,0.0,0.0,7.32999992371,1.75,0.0,0.0,-100000.0,-100000.0,0.0,1,
309833000000,82,309833000000,,0.0,0.0,0.0,7.32999992371,1.75,0.0,0.0,-100000.0,-100000.0,0.0,1,
309932000000,83,309932000000,,0.0,0.0,0.0,7.32999992371,1.75,0.0,0.0,-100000.0,-100000.0,0.0,1,
310032000000,84,310032000000,,0.0,0.0,0.0,7.32999992371,1.75,0.0,0.0,-100000.0,-100000.0,0.0,1,
310133000000,85,310133000000,,0.0,0.0,0.0,7.32999992371,1.75,0.0,0.0,-100000.0,-100000.0,0.0,1,
310235000000,86,310235000000,,0.0,0.0,0.0,7.32999992371,1.75,0.0,0.0,-100000.0,-100000.0,0.0,1,
310332000000,87,310332000000,,0.0,0.0,0.0,7.32999992371,1.75,0.0,0.0,-100000.0,-100000.0,0.0,1,
310433000000,88,310433000000,,0.0,0.0,0.0,7.32999992371,1.75,0.0,0.0,-100000.0,-100000.0,0.0,1,
310532000000,89,310532000000,,0.0,0.0,0.0,7.32999992371,1.75,0.0,0.0,-100000.0,-100000.0,0.0,1,
310632000000,90,310632000000,,0.0,0.0,0.0,7.32999992371,1.75,0.0,0.0,-100000.0,-100000.0,0.0,1,
310732000000,91,310732000000,,0.0,0.0,0.0,7.32999992371,1.75,0.0,0.0,-100000.0,-100000.0,0.0,1,
310832000000,92,310832000000,,0.0,0.0,0.0,7.32999992371,1.75,0.0,0.0,-100000.0,-100000.0,0.0,1,
310932000000,93,310932000000,,0.0,0.0,0.0,7.32999992371,1.75,0.0,0.0,-100000.0,-100000.0,0.0,1,
311032000000,94,311032000000,,0.0,0.0,0.0,7.32999992371,1.75,0.0,0.0,-100000.0,-100000.0,0.0,1,
311132000000,95,311132000000,,0.0,0.0,0.0,7.32999992371,1.75,0.0,0.0,-100000.0,-100000.0,0.0,1,
311233000000,96,311233000000,,0.0,0.0,0.0,7.32999992371,1.75,0.0,0.0,-100000.0,-100000.0,0.0,1,
311333000000,97,311333000000,,0.0,0.0,0.0,7.32999992371,1.75,0.0,0.0,-100000.0,-100000.0,0.0,1,
311432000000,98,311432000000,,0.0,0.0,0.0,7.32999992371,1.75,0.0,0.0,-100000.0,-100000.0,0.0,1,
311532000000,99,311532000000,,0.0,0.0,0.0,7.32999992371,1.75,0.0,0.0,-100000.0,-100000.0,0.0,1,
311632000000,100,311632000000,,0.0,0.0,0.0,7.32999992371,1.75,0.0,0.0,-100000.0,-100000.0,0.0,1,
311732000000,101,311732000000,,0.0,0.0,0.0,7.32999992371,1.75,0.0,0.0,-100000.0,-100000.0,0.0,1,
311832000000,102,311832000000,,0.0,0.0,0.0,7.32999992371,1.75,0.0,0.0,-100000.0,-100000.0,0.0,1,
311933000000,103,311933000000,,0.0,0.0,0.0,7.32999992371,1.75,0.0,0.0,-100000.0,-100000.0,0.0,1,
312032000000,104,312032000000,,0.0,0.0,0.0,7.32999992371,1.75,0.0,0.0,-100000.0,-100000.0,0.0,1,
312132000000,105,312132000000,,0.0,0.0,0.0,7.32999992371,1.75,0.0,0.0,-100000.0,-100000.0,0.0,1,
312233000000,106,312233000000,,0.0,0.0,0.0,7.32999992371,1.75,0.0,0.0,-100000.0,-100000.0,0.0,1,
312332000000,107,312332000000,,0.0,0.0,0.0,7.32999992371,1.75,0.0,0.0,-100000.0,-100000.0,0.0,1,
312433000000,108,312433000000,,0.0,0.0,0.0,7.32999992371,1.75,0.0,0.0,-100000.0,-100000.0,0.0,1,
312532000000,109,312532000000,,0.0,0.0,0.0,7.32999992371,1.75,0.0,0.0,-100000.0,-100000.0,0.0,1,
312633000000,110,312633000000,,0.0,0.0,0.0,7.32999992371,1.75,0.0,0.0,-100000.0,-100000.0,0.0,1,
312732000000,111,312732000000,,0.0,0.0,0.0,7.32999992371,1.75,0.0,0.0,-100000.0,-100000.0,0.0,1,
312832000000,112,312832000000,,0.0,0.0,0.0,7.32999992371,1.75,0.0,0.0,-100000.0,-100000.0,0.0,1,
312932000000,113,312932000000,,0.0,0.0,0.0,7.32999992371,1.75,0.0,0.0,-100000.0,-100000.0,0.0,1,
313032000000,114,313032000000,,0.0,0.0,0.0,7.32999992371,1.75,0.0,0.0,-100000.0,-100000.0,0.0,1,
313132000000,115,313132000000,,0.0,0.0,0.0,7.32999992371,1.75,0.0,0.0,-100000.0,-100000.0,0.0,1,
313232000000,116,313232000000,,0.0,0.0,0.0,7.32999992371,1.75,0.0,0.0,-100000.0,-100000.0,0.0,1,
313332000000,117,313332000000,,0.0,0.0,0.0,7.32999992371,1.75,0.0,0.0,-100000.0,-100000.0,0.0,1,
313432000000,118,313432000000,,0.0,0.0,0.0,7.32999992371,1.75,0.0,0.0,-100000.0,-100000.0,0.0,1,
313532000000,119,313532000000,,0.0,0.0,0.0,7.32999992371,1.75,0.0,0.0,-100000.0,-100000.0,0.0,1,
313632000000,120,313632000000,,0.0,0.0,0.0,7.32999992371,1.75,0.0,0.0,-100000.0,-100000.0,0.0,1,
313732000000,121,313732000000,,0.0,0.0,0.0,7.32999992371,1.75,0.0,0.0,-100000.0,-100000.0,0.0,1,
313833000000,122,313833000000,,0.0,0.0,0.0,7.32999992371,1.75,0.0,0.0,-100000.0,-100000.0,0.0,1,
313932000000,123,313932000000,,0.0,0.0,0.0,7.32999992371,1.75,0.0,0.0,-100000.0,-100000.0,0.0,1,
314032000000,124,314032000000,,0.0,0.0,0.0,7.32999992371,1.75,0.0,0.0,-100000.0,-100000.0,0.0,1,
314133000000,125,314133000000,,0.0,0.0,0.0,7.32999992371,1.75,0.0,0.0,-100000.0,-100000.0,0.0,1,
314232000000,126,314232000000,,0.0,0.0,0.0,7.32999992371,1.75,0.0,0.0,-100000.0,-100000.0,0.0,1,
314332000000,127,314332000000,,0.0,0.0,0.0,7.32999992371,1.75,0.0,0.0,-100000.0,-100000.0,0.0,1,
314432000000,128,314432000000,,0.0,0.0,0.0,7.32999992371,1.75,0.0,0.0,-100000.0,-100000.0,0.0,1,
314532000000,129,314532000000,,0.0,0.0,0.0,7.32999992371,1.75,0.0,0.0,-100000.0,-100000.0,0.0,1,
314632000000,130,314632000000,,0.0,0.0,0.0,7.32999992371,1.75,0.0,0.0,-100000.0,-100000.0,0.0,1,
314732000000,131,314732000000,,0.0,0.0,0.0,7.32999992371,1.75,0.0,0.0,-100000.0,-100000.0,0.0,1,
314832000000,132,314832000000,,0.0,0.0,0.0,7.32999992371,1.75,0.0,0.0,-100000.0,-100000.0,0.0,1,
314932000000,133,314932000000,,0.0,0.0,0.0,7.32999992371,1.75,0.0,0.0,-100000.0,-100000.0,0.0,1,
315033000000,134,315033000000,,0.0,0.0,0.0,7.32999992371,1.75,0.0,0.0,-100000.0,-100000.0,0.0,1,
315132000000,135,315132000000,,0.0,0.0,0.0,7.32999992371,1.75,0.0,0.0,-100000.0,-100000.0,0.0,1,
315233000000,136,315233000000,,0.0,0.0,0.0,7.32999992371,1.75,0.0,0.0,-100000.0,-100000.0,0.0,1,
315332000000,137,315332000000,,0.0,0.0,0.0,7.32999992371,1.75,0.0,0.0,-100000.0,-100000.0,0.0,1,
315432000000,138,315432000000,,0.0,0.0,0.0,7.32999992371,1.75,0.0,0.0,-100000.0,-100000.0,0.0,1,
315533000000,139,315533000000,,0.0,0.0,0.0,7.32999992371,1.75,0.0,0.0,-100000.0,-100000.0,0.0,1,
315632000000,140,315632000000,,0.0,0.0,0.0,7.32999992371,1.75,0.0,0.0,-100000.0,-100000.0,0.0,1,
315732000000,141,315732000000,,0.0,0.0,0.0,7.32999992371,1.75,0.0,0.0,-100000.0,-100000.0,0.0,1,
315832000000,142,315832000000,,0.0,0.0,0.0,7.32999992371,1.75,0.0,0.0,-100000.0,-100000.0,0.0,1,
315932000000,143,315932000000,,0.0,0.0,0.0,7.32999992371,1.75,0.0,0.0,-100000.0,-100000.0,0.0,1,
316032000000,144,316032000000,,0.0,0.0,0.0,7.32999992371,1.75,0.0,0.0,-100000.0,-100000.0,0.0,1,
316132000000,145,316132000000,,0.0,0.0,0.0,7.32999992371,1.75,0.0,0.0,-100000.0,-100000.0,0.0,1,
316232000000,146,316232000000,,0.0,0.0,0.0,7.32999992371,1.75,0.0,0.0,-100000.0,-100000.0,0.0,1,
316333000000,147,316333000000,,0.0,0.0,0.0,7.32999992371,1.75,0.0,0.0,-100000.0,-100000.0,0.0,1,
316433000000,148,316433000000,,0.0,0.0,0.0,7.32999992371,1.75,0.0,0.0,-100000.0,-100000.0,0.0,1,
316533000000,149,316533000000,,0.0,0.0,0.0,7.32999992371,1.75,0.0,0.0,-100000.0,-100000.0,0.0,1,
316632000000,150,316632000000,,0.0,0.0,0.0,7.32999992371,1.75,0.0,0.0,-100000.0,-100000.0,0.0,1,
316732000000,151,316732000000,,0.0,0.0,0.0,7.32999992371,1.75,0.0,0.0,-100000.0,-100000.0,0.0,1,
316833000000,152,316833000000,,0.0,0.0,0.0,7.32999992371,1.75,0.0,0.0,-100000.0,-100000.0,0.0,1,
316932000000,153,316932000000,,0.0,0.0,0.0,7.32999992371,1.75,0.0,0.0,-100000.0,-100000.0,0.0,1,
317032000000,154,317032000000,,0.0,0.0,0.0,7.32999992371,1.75,0.0,0.0,-100000.0,-100000.0,0.0,1,
317132000000,155,317132000000,,0.0,0.0,0.0,7.32999992371,1.75,0.0,0.0,-100000.0,-100000.0,0.0,1,
317232000000,156,317232000000,,0.0,0.0,0.0,7.32999992371,1.75,0.0,0.0,-100000.0,-100000.0,0.0,1,
317332000000,157,317332000000,,0.0,0.0,0.0,7.32999992371,1.75,0.0,0.0,-100000.0,-100000.0,0.0,1,
317432000000,158,317432000000,,0.0,0.0,0.0,7.32999992371,1.75,0.0,0.0,-100000.0,-100000.0,0.0,1,
317532000000,159,317532000000,,0.0,0.0,0.0,7.32999992371,1.75,0.0,0.0,-100000.0,-100000.0,0.0,1,
317632000000,160,317632000000,,0.0,0.0,0.0,7.32999992371,1.75,0.0,0.0,-100000.0,-100000.0,0.0,1,
317732000000,161,317732000000,,0.0,0.0,0.0,7.32999992371,1.75,0.0,0.0,-100000.0,-100000.0,0.0,1,
317833000000,162,317833000000,,0.0,0.0,0.0,7.32999992371,1.75,0.0,0.0,-100000.0,-100000.0,0.0,1,
317932000000,163,317932000000,,0.0,0.0,0.0,7.32999992371,1.75,0.0,0.0,-100000.0,-100000.0,0.0,1,
318032000000,164,318032000000,,0.0,0.0,0.0,7.32999992371,1.75,0.0,0.0,-100000.0,-100000.0,0.0,1,
318132000000,165,318132000000,,0.0,0.0,0.0,7.32999992371,1.75,0.0,0.0,-100000.0,-100000.0,0.0,1,
318232000000,166,318232000000,,0.0,0.0,0.0,7.32999992371,1.75,0.0,0.0,-100000.0,-100000.0,0.0,1,
318332000000,167,318332000000,,0.0,0.0,0.0,7.32999992371,1.75,0.0,0.0,-100000.0,-100000.0,0.0,1,
318432000000,168,318432000000,,0.0,0.0,0.0,7.32999992371,1.75,0.0,0.0,-100000.0,-100000.0,0.0,1,
318533000000,169,318533000000,,0.0,0.0,0.0,7.32999992371,1.75,0.0,0.0,-100000.0,-100000.0,0.0,1,
318632000000,170,318632000000,,0.0,0.0,0.0,7.32999992371,1.75,0.0,0.0,-100000.0,-100000.0,0.0,1,
318732000000,171,318732000000,,0.0,0.0,0.0,7.32999992371,1.75,0.0,0.0,-100000.0,-100000.0,0.0,1,
318832000000,172,318832000000,,0.0,0.0,0.0,7.32999992371,1.75,0.0,0.0,-100000.0,-100000.0,0.0,1,
318933000000,173,318933000000,,0.0,0.0,0.0,7.32999992371,1.75,0.0,0.0,-100000.0,-100000.0,0.0,1,
319033000000,174,319033000000,,0.0,0.0,0.0,7.32999992371,1.75,0.0,0.0,-100000.0,-100000.0,0.0,1,
319132000000,175,319132000000,,0.0,0.0,0.0,7.32999992371,1.75,0.0,0.0,-100000.0,-100000.0,0.0,1,
319232000000,176,319232000000,,0.0,0.0,0.0,7.32999992371,1.75,0.0,0.0,-100000.0,-100000.0,0.0,1,
319332000000,177,319332000000,,0.0,0.0,0.0,7.32999992371,1.75,0.0,0.0,-100000.0,-100000.0,0.0,1,
319433000000,178,319433000000,,0.0,0.0,0.0,7.32999992371,1.75,0.0,0.0,-100000.0,-100000.0,0.0,1,
319533000000,179,319533000000,,0.0,0.0,0.0,7.32999992371,1.75,0.0,0.0,-100000.0,-100000.0,0.0,1,
319632000000,180,319632000000,,0.0,0.0,0.0,7.32999992371,1.75,0.0,0.0,-100000.0,-100000.0,0.0,1,
319732000000,181,319732000000,,0.0,0.0,0.0,7.32999992371,1.75,0.0,0.0,-100000.0,-100000.0,0.0,1,
319834000000,182,319834000000,,0.0,0.0,0.0,7.32999992371,1.75,0.0,0.0,-100000.0,-100000.0,0.0,1,
319933000000,183,319933000000,,0.0,0.0,0.0,7.32999992371,1.75,0.0,0.0,-100000.0,-100000.0,0.0,1,
320032000000,184,320032000000,,0.0,0.0,0.0,7.32999992371,1.75,0.0,0.0,-100000.0,-100000.0,0.0,1,
320133000000,185,320133000000,,0.0,0.0,0.0,7.32999992371,1.75,0.0,0.0,-100000.0,-100000.0,0.0,1,
320232000000,186,320232000000,,0.0,0.0,0.0,7.32999992371,1.75,0.0,0.0,-100000.0,-100000.0,0.0,1,
320332000000,187,320332000000,,0.0,0.0,0.0,7.32999992371,1.75,0.0,0.0,-100000.0,-100000.0,0.0,1,
320432000000,188,320432000000,,0.0,0.0,0.0,7.32999992371,1.75,0.0,0.0,-100000.0,-100000.0,0.0,1,Goal was reached
322533000000,189,322533000000,,0.0,0.0,0.0,0.0,0.0,0.0,0.0,-100000.0,-100000.0,0.0,2,Goal registered at x:0 y:0
322632000000,190,322632000000,,0.0,0.0,0.0,0.0,0.0,0.0,0.0,-100000.0,-100000.0,0.0,2,
322732000000,191,322732000000,,0.0,0.0,0.0,0.0,0.0,0.0,0.0,-100000.0,-100000.0,0.0,2,
322832000000,192,322832000000,,0.0,0.0,0.0,0.0,0.0,0.0,0.0,-100000.0,-100000.0,0.0,2,
322932000000,193,322932000000,,0.0,0.0,0.0,0.0,0.0,0.0,0.0,-100000.0,-100000.0,0.0,2,
323032000000,194,323032000000,,0.0,0.0,0.0,0.0,0.0,0.0,0.0,-100000.0,-100000.0,0.0,2,
323132000000,195,323132000000,,0.0,0.0,0.0,0.0,0.0,0.0,0.0,-100000.0,-100000.0,0.0,2,
323232000000,196,323232000000,,0.0,0.0,0.0,0.0,0.0,0.0,0.0,-100000.0,-100000.0,0.0,2,
323333000000,197,323333000000,,0.0,0.0,0.0,0.0,0.0,0.0,0.0,-100000.0,-100000.0,0.0,2,
323432000000,198,323432000000,,0.0,0.0,0.0,0.0,0.0,0.0,0.0,-100000.0,-100000.0,0.0,2,
323533000000,199,323533000000,,0.0,0.0,0.0,0.0,0.0,0.0,0.0,-100000.0,-100000.0,0.0,2,
323633000000,200,323633000000,,0.0,0.0,0.0,0.0,0.0,0.0,0.0,-100000.0,-100000.0,0.0,2,
323732000000,201,323732000000,,0.0,0.0,0.0,0.0,0.0,0.0,0.0,-100000.0,-100000.0,0.0,2,
323832000000,202,323832000000,,0.0,0.0,0.0,0.0,0.0,0.0,0.0,-100000.0,-100000.0,0.0,2,
323933000000,203,323933000000,,0.0,0.0,0.0,0.0,0.0,0.0,0.0,-100000.0,-100000.0,0.0,2,
324034000000,204,324034000000,,0.0,0.0,0.0,0.0,0.0,0.0,0.0,-100000.0,-100000.0,0.0,2,
324132000000,205,324132000000,,0.0,0.0,0.0,0.0,0.0,0.0,0.0,-100000.0,-100000.0,0.0,2,
324233000000,206,324233000000,,0.0,0.0,0.0,0.0,0.0,0.0,0.0,-100000.0,-100000.0,0.0,2,
324332000000,207,324332000000,,0.0,0.0,0.0,0.0,0.0,0.0,0.0,-100000.0,-100000.0,0.0,2,
324432000000,208,324432000000,,0.0,0.0,0.0,0.0,0.0,0.0,0.0,-100000.0,-100000.0,0.0,2,
324533000000,209,324533000000,,0.0,0.0,0.0,0.0,0.0,0.0,0.0,-100000.0,-100000.0,0.0,2,
324633000000,210,324633000000,,0.0,0.0,0.0,0.0,0.0,0.0,0.0,-100000.0,-100000.0,0.0,2,
324733000000,211,324733000000,,0.0,0.0,0.0,0.0,0.0,0.0,0.0,-100000.0,-100000.0,0.0,2,
324832000000,212,324832000000,,0.0,0.0,0.0,0.0,0.0,0.0,0.0,-100000.0,-100000.0,0.0,2,
324932000000,213,324932000000,,0.0,0.0,0.0,0.0,0.0,0.0,0.0,-100000.0,-100000.0,0.0,2,
325033000000,214,325033000000,,0.0,0.0,0.0,0.0,0.0,0.0,0.0,-100000.0,-100000.0,0.0,2,
325132000000,215,325132000000,,0.0,0.0,0.0,0.0,0.0,0.0,0.0,-100000.0,-100000.0,0.0,2,
325233000000,216,325233000000,,0.0,0.0,0.0,0.0,0.0,0.0,0.0,-100000.0,-100000.0,0.0,2,
325332000000,217,325332000000,,0.0,0.0,0.0,0.0,0.0,0.0,0.0,-100000.0,-100000.0,0.0,2,
325432000000,218,325432000000,,0.0,0.0,0.0,0.0,0.0,0.0,0.0,-100000.0,-100000.0,0.0,2,
325532000000,219,325532000000,,0.0,0.0,0.0,0.0,0.0,0.0,0.0,-100000.0,-100000.0,0.0,2,
325632000000,220,325632000000,,0.0,0.0,0.0,0.0,0.0,0.0,0.0,-100000.0,-100000.0,0.0,2,
325732000000,221,325732000000,,0.0,0.0,0.0,0.0,0.0,0.0,0.0,-100000.0,-100000.0,0.0,2,
325832000000,222,325832000000,,0.0,0.0,0.0,0.0,0.0,0.0,0.0,-100000.0,-100000.0,0.0,2,
325932000000,223,325932000000,,0.0,0.0,0.0,0.0,0.0,0.0,0.0,-100000.0,-100000.0,0.0,2,
326033000000,224,326033000000,,0.0,0.0,0.0,0.0,0.0,0.0,0.0,-100000.0,-100000.0,0.0,2,
326133000000,225,326133000000,,0.0,0.0,0.0,0.0,0.0,0.0,0.0,-100000.0,-100000.0,0.0,2,
326233000000,226,326233000000,,0.0,0.0,0.0,0.0,0.0,0.0,0.0,-100000.0,-100000.0,0.0,2,
326332000000,227,326332000000,,0.0,0.0,0.0,0.0,0.0,0.0,0.0,-100000.0,-100000.0,0.0,2,
326432000000,228,326432000000,,0.0,0.0,0.0,0.0,0.0,0.0,0.0,-100000.0,-100000.0,0.0,2,
326533000000,229,326533000000,,0.0,0.0,0.0,0.0,0.0,0.0,0.0,-100000.0,-100000.0,0.0,2,
326632000000,230,326632000000,,0.0,0.0,0.0,0.0,0.0,0.0,0.0,-100000.0,-100000.0,0.0,2,
326733000000,231,326733000000,,0.0,0.0,0.0,0.0,0.0,0.0,0.0,-100000.0,-100000.0,0.0,2,
326832000000,232,326832000000,,0.0,0.0,0.0,0.0,0.0,0.0,0.0,-100000.0,-100000.0,0.0,2,
326932000000,233,326932000000,,0.0,0.0,0.0,0.0,0.0,0.0,0.0,-100000.0,-100000.0,0.0,2,
327032000000,234,327032000000,,0.0,0.0,0.0,0.0,0.0,0.0,0.0,-100000.0,-100000.0,0.0,2,
327132000000,235,327132000000,,0.0,0.0,0.0,0.0,0.0,0.0,0.0,-100000.0,-100000.0,0.0,2,
327232000000,236,327232000000,,0.0,0.0,0.0,0.0,0.0,0.0,0.0,-100000.0,-100000.0,0.0,2,
327332000000,237,327332000000,,0.0,0.0,0.0,0.0,0.0,0.0,0.0,-100000.0,-100000.0,0.0,2,
327432000000,238,327432000000,,0.0,0.0,0.0,0.0,0.0,0.0,0.0,-100000.0,-100000.0,0.0,2,
327532000000,239,327532000000,,0.0,0.0,0.0,0.0,0.0,0.0,0.0,-100000.0,-100000.0,0.0,2,
327632000000,240,327632000000,,0.0,0.0,0.0,0.0,0.0,0.0,0.0,-100000.0,-100000.0,0.0,2,
327733000000,241,327733000000,,0.0,0.0,0.0,0.0,0.0,0.0,0.0,-100000.0,-100000.0,0.0,2,
327833000000,242,327833000000,,0.0,0.0,0.0,0.0,0.0,0.0,0.0,-100000.0,-100000.0,0.0,2,
327932000000,243,327932000000,,0.0,0.0,0.0,0.0,0.0,0.0,0.0,-100000.0,-100000.0,0.0,2,
328033000000,244,328033000000,,0.0,0.0,0.0,0.0,0.0,0.0,0.0,-100000.0,-100000.0,0.0,2,
328133000000,245,328133000000,,0.0,0.0,0.0,0.0,0.0,0.0,0.0,-100000.0,-100000.0,0.0,2,
328233000000,246,328233000000,,0.0,0.0,0.0,0.0,0.0,0.0,0.0,-100000.0,-100000.0,0.0,2,
328333000000,247,328333000000,,0.0,0.0,0.0,0.0,0.0,0.0,0.0,-100000.0,-100000.0,0.0,2,
328433000000,248,328433000000,,0.0,0.0,0.0,0.0,0.0,0.0,0.0,-100000.0,-100000.0,0.0,2,
328533000000,249,328533000000,,0.0,0.0,0.0,0.0,0.0,0.0,0.0,-100000.0,-100000.0,0.0,2,
328632000000,250,328632000000,,0.0,0.0,0.0,0.0,0.0,0.0,0.0,-100000.0,-100000.0,0.0,2,
328732000000,251,328732000000,,0.0,0.0,0.0,0.0,0.0,0.0,0.0,-100000.0,-100000.0,0.0,2,
328832000000,252,328832000000,,0.0,0.0,0.0,0.0,0.0,0.0,0.0,-100000.0,-100000.0,0.0,2,
328932000000,253,328932000000,,0.0,0.0,0.0,0.0,0.0,0.0,0.0,-100000.0,-100000.0,0.0,2,
329033000000,254,329033000000,,0.0,0.0,0.0,0.0,0.0,0.0,0.0,-100000.0,-100000.0,0.0,2,
329132000000,255,329132000000,,0.0,0.0,0.0,0.0,0.0,0.0,0.0,-100000.0,-100000.0,0.0,2,
329232000000,256,329232000000,,0.0,0.0,0.0,0.0,0.0,0.0,0.0,-100000.0,-100000.0,0.0,2,
329332000000,257,329332000000,,0.0,0.0,0.0,0.0,0.0,0.0,0.0,-100000.0,-100000.0,0.0,2,
329432000000,258,329432000000,,0.0,0.0,0.0,0.0,0.0,0.0,0.0,-100000.0,-100000.0,0.0,2,
329533000000,259,329533000000,,0.0,0.0,0.0,0.0,0.0,0.0,0.0,-100000.0,-100000.0,0.0,2,
329632000000,260,329632000000,,0.0,0.0,0.0,0.0,0.0,0.0,0.0,-100000.0,-100000.0,0.0,2,
329732000000,261,329732000000,,0.0,0.0,0.0,0.0,0.0,0.0,0.0,-100000.0,-100000.0,0.0,2,
329832000000,262,329832000000,,0.0,0.0,0.0,0.0,0.0,0.0,0.0,-100000.0,-100000.0,0.0,2,
329932000000,263,329932000000,,0.0,0.0,0.0,0.0,0.0,0.0,0.0,-100000.0,-100000.0,0.0,2,
330033000000,264,330033000000,,0.0,0.0,0.0,0.0,0.0,0.0,0.0,-100000.0,-100000.0,0.0,2,
330133000000,265,330133000000,,0.0,0.0,0.0,0.0,0.0,0.0,0.0,-100000.0,-100000.0,0.0,2,
330232000000,266,330232000000,,0.0,0.0,0.0,0.0,0.0,0.0,0.0,-100000.0,-100000.0,0.0,2,
330332000000,267,330332000000,,0.0,0.0,0.0,0.0,0.0,0.0,0.0,-100000.0,-100000.0,0.0,2,
330432000000,268,330432000000,,0.0,0.0,0.0,0.0,0.0,0.0,0.0,-100000.0,-100000.0,0.0,2,
330533000000,269,330533000000,,0.0,0.0,0.0,0.0,0.0,0.0,0.0,-100000.0,-100000.0,0.0,2,
330632000000,270,330632000000,,0.0,0.0,0.0,0.0,0.0,0.0,0.0,-100000.0,-100000.0,0.0,2,
330732000000,271,330732000000,,0.0,0.0,0.0,0.0,0.0,0.0,0.0,-100000.0,-100000.0,0.0,2,
330832000000,272,330832000000,,0.0,0.0,0.0,0.0,0.0,0.0,0.0,-100000.0,-100000.0,0.0,2,
330932000000,273,330932000000,,0.0,0.0,0.0,0.0,0.0,0.0,0.0,-100000.0,-100000.0,0.0,2,
331032000000,274,331032000000,,0.0,0.0,0.0,0.0,0.0,0.0,0.0,-100000.0,-100000.0,0.0,2,
331133000000,275,331133000000,,0.0,0.0,0.0,0.0,0.0,0.0,0.0,-100000.0,-100000.0,0.0,2,
331232000000,276,331232000000,,0.0,0.0,0.0,0.0,0.0,0.0,0.0,-100000.0,-100000.0,0.0,2,
331332000000,277,331332000000,,0.0,0.0,0.0,0.0,0.0,0.0,0.0,-100000.0,-100000.0,0.0,2,
331432000000,278,331432000000,,0.0,0.0,0.0,0.0,0.0,0.0,0.0,-100000.0,-100000.0,0.0,2,
331532000000,279,331532000000,,0.0,0.0,0.0,0.0,0.0,0.0,0.0,-100000.0,-100000.0,0.0,2,
331632000000,280,331632000000,,0.0,0.0,0.0,0.0,0.0,0.0,0.0,-100000.0,-100000.0,0.0,2,
331732000000,281,331732000000,,0.0,0.0,0.0,0.0,0.0,0.0,0.0,-100000.0,-100000.0,0.0,2,
331832000000,282,331832000000,,0.0,0.0,0.0,0.0,0.0,0.0,0.0,-100000.0,-100000.0,0.0,2,
331932000000,283,331932000000,,0.0,0.0,0.0,0.0,0.0,0.0,0.0,-100000.0,-100000.0,0.0,2,
332032000000,284,332032000000,,0.0,0.0,0.0,0.0,0.0,0.0,0.0,-100000.0,-100000.0,0.0,2,
332132000000,285,332132000000,,0.0,0.0,0.0,0.0,0.0,0.0,0.0,-100000.0,-100000.0,0.0,2,
332232000000,286,332232000000,,0.0,0.0,0.0,0.0,0.0,0.0,0.0,-100000.0,-100000.0,0.0,2,
332332000000,287,332332000000,,0.0,0.0,0.0,0.0,0.0,0.0,0.0,-100000.0,-100000.0,0.0,2,
332433000000,288,332433000000,,0.0,0.0,0.0,0.0,0.0,0.0,0.0,-100000.0,-100000.0,0.0,2,
332532000000,289,332532000000,,0.0,0.0,0.0,0.0,0.0,0.0,0.0,-100000.0,-100000.0,0.0,2,
332633000000,290,332633000000,,0.0,0.0,0.0,0.0,0.0,0.0,0.0,-100000.0,-100000.0,0.0,2,
332732000000,291,332732000000,,0.0,0.0,0.0,0.0,0.0,0.0,0.0,-100000.0,-100000.0,0.0,2,
332833000000,292,332833000000,,0.0,0.0,0.0,0.0,0.0,0.0,0.0,-100000.0,-100000.0,0.0,2,
332933000000,293,332933000000,,0.0,0.0,0.0,0.0,0.0,0.0,0.0,-100000.0,-100000.0,0.0,2,
333033000000,294,333033000000,,0.0,0.0,0.0,0.0,0.0,0.0,0.0,-100000.0,-100000.0,0.0,2,
333132000000,295,333132000000,,0.0,0.0,0.0,0.0,0.0,0.0,0.0,-100000.0,-100000.0,0.0,2,
333232000000,296,333232000000,,0.0,0.0,0.0,0.0,0.0,0.0,0.0,-100000.0,-100000.0,0.0,2,
333333000000,297,333333000000,,0.0,0.0,0.0,0.0,0.0,0.0,0.0,-100000.0,-100000.0,0.0,2,
333433000000,298,333433000000,,0.0,0.0,0.0,0.0,0.0,0.0,0.0,-100000.0,-100000.0,0.0,2,
333532000000,299,333532000000,,0.0,0.0,0.0,0.0,0.0,0.0,0.0,-100000.0,-100000.0,0.0,2,
333632000000,300,333632000000,,0.0,0.0,0.0,0.0,0.0,0.0,0.0,-100000.0,-100000.0,0.0,2,
333732000000,301,333732000000,,0.0,0.0,0.0,0.0,0.0,0.0,0.0,-100000.0,-100000.0,0.0,2,
333832000000,302,333832000000,,0.0,0.0,0.0,0.0,0.0,0.0,0.0,-100000.0,-100000.0,0.0,2,
333933000000,303,333933000000,,0.0,0.0,0.0,0.0,0.0,0.0,0.0,-100000.0,-100000.0,0.0,2,
334033000000,304,334033000000,,0.0,0.0,0.0,0.0,0.0,0.0,0.0,-100000.0,-100000.0,0.0,2,
334133000000,305,334133000000,,0.0,0.0,0.0,0.0,0.0,0.0,0.0,-100000.0,-100000.0,0.0,2,
334232000000,306,334232000000,,0.0,0.0,0.0,0.0,0.0,0.0,0.0,-100000.0,-100000.0,0.0,2,
334332000000,307,334332000000,,0.0,0.0,0.0,0.0,0.0,0.0,0.0,-100000.0,-100000.0,0.0,2,
334432000000,308,334432000000,,0.0,0.0,0.0,0.0,0.0,0.0,0.0,-100000.0,-100000.0,0.0,2,
334533000000,309,334533000000,,0.0,0.0,0.0,0.0,0.0,0.0,0.0,-100000.0,-100000.0,0.0,2,
334632000000,310,334632000000,,0.0,0.0,0.0,0.0,0.0,0.0,0.0,-100000.0,-100000.0,0.0,2,
334732000000,311,334732000000,,0.0,0.0,0.0,0.0,0.0,0.0,0.0,-100000.0,-100000.0,0.0,2,
334832000000,312,334832000000,,0.0,0.0,0.0,0.0,0.0,0.0,0.0,-100000.0,-100000.0,0.0,2,
334933000000,313,334933000000,,0.0,0.0,0.0,0.0,0.0,0.0,0.0,-100000.0,-100000.0,0.0,2,
335033000000,314,335033000000,,0.0,0.0,0.0,0.0,0.0,0.0,0.0,-100000.0,-100000.0,0.0,2,
335132000000,315,335132000000,,0.0,0.0,0.0,0.0,0.0,0.0,0.0,-100000.0,-100000.0,0.0,2,
335233000000,316,335233000000,,0.0,0.0,0.0,0.0,0.0,0.0,0.0,-100000.0,-100000.0,0.0,2,
335333000000,317,335333000000,,0.0,0.0,0.0,0.0,0.0,0.0,0.0,-100000.0,-100000.0,0.0,2,
335433000000,318,335433000000,,0.0,0.0,0.0,0.0,0.0,0.0,0.0,-100000.0,-100000.0,0.0,2,
335532000000,319,335532000000,,0.0,0.0,0.0,0.0,0.0,0.0,0.0,-100000.0,-100000.0,0.0,2,
335632000000,320,335632000000,,0.0,0.0,0.0,0.0,0.0,0.0,0.0,-100000.0,-100000.0,0.0,2,
335732000000,321,335732000000,,0.0,0.0,0.0,0.0,0.0,0.0,0.0,-100000.0,-100000.0,0.0,2,
335833000000,322,335833000000,,0.0,0.0,0.0,0.0,0.0,0.0,0.0,-100000.0,-100000.0,0.0,2,
335932000000,323,335932000000,,0.0,0.0,0.0,0.0,0.0,0.0,0.0,-100000.0,-100000.0,0.0,2,
336032000000,324,336032000000,,0.0,0.0,0.0,0.0,0.0,0.0,0.0,-100000.0,-100000.0,0.0,2,
336132000000,325,336132000000,,0.0,0.0,0.0,0.0,0.0,0.0,0.0,-100000.0,-100000.0,0.0,2,
336232000000,326,336232000000,,0.0,0.0,0.0,0.0,0.0,0.0,0.0,-100000.0,-100000.0,0.0,2,
336332000000,327,336332000000,,0.0,0.0,0.0,0.0,0.0,0.0,0.0,-100000.0,-100000.0,0.0,2,
336433000000,328,336433000000,,0.0,0.0,0.0,0.0,0.0,0.0,0.0,-100000.0,-100000.0,0.0,2,
336532000000,329,336532000000,,0.0,0.0,0.0,0.0,0.0,0.0,0.0,-100000.0,-100000.0,0.0,2,
336632000000,330,336632000000,,0.0,0.0,0.0,0.0,0.0,0.0,0.0,-100000.0,-100000.0,0.0,2,
336733000000,331,336733000000,,0.0,0.0,0.0,0.0,0.0,0.0,0.0,-100000.0,-100000.0,0.0,2,
336832000000,332,336832000000,,0.0,0.0,0.0,0.0,0.0,0.0,0.0,-100000.0,-100000.0,0.0,2,
336933000000,333,336933000000,,0.0,0.0,0.0,0.0,0.0,0.0,0.0,-100000.0,-100000.0,0.0,2,
337032000000,334,337032000000,,0.0,0.0,0.0,0.0,0.0,0.0,0.0,-100000.0,-100000.0,0.0,2,
337132000000,335,337132000000,,0.0,0.0,0.0,0.0,0.0,0.0,0.0,-100000.0,-100000.0,0.0,2,
337232000000,336,337232000000,,0.0,0.0,0.0,0.0,0.0,0.0,0.0,-100000.0,-100000.0,0.0,2,
337332000000,337,337332000000,,0.0,0.0,0.0,0.0,0.0,0.0,0.0,-100000.0,-100000.0,0.0,2,
337432000000,338,337432000000,,0.0,0.0,0.0,0.0,0.0,0.0,0.0,-100000.0,-100000.0,0.0,2,
337532000000,339,337532000000,,0.0,0.0,0.0,0.0,0.0,0.0,0.0,-100000.0,-100000.0,0.0,2,
337632000000,340,337632000000,,0.0,0.0,0.0,0.0,0.0,0.0,0.0,-100000.0,-100000.0,0.0,2,
337732000000,341,337732000000,,0.0,0.0,0.0,0.0,0.0,0.0,0.0,-100000.0,-100000.0,0.0,2,
337832000000,342,337832000000,,0.0,0.0,0.0,0.0,0.0,0.0,0.0,-100000.0,-100000.0,0.0,2,
337933000000,343,337933000000,,0.0,0.0,0.0,0.0,0.0,0.0,0.0,-100000.0,-100000.0,0.0,2,
338033000000,344,338033000000,,0.0,0.0,0.0,0.0,0.0,0.0,0.0,-100000.0,-100000.0,0.0,2,
338132000000,345,338132000000,,0.0,0.0,0.0,0.0,0.0,0.0,0.0,-100000.0,-100000.0,0.0,2,
338233000000,346,338233000000,,0.0,0.0,0.0,0.0,0.0,0.0,0.0,-100000.0,-100000.0,0.0,2,
338332000000,347,338332000000,,0.0,0.0,0.0,0.0,0.0,0.0,0.0,-100000.0,-100000.0,0.0,2,
338432000000,348,338432000000,,0.0,0.0,0.0,0.0,0.0,0.0,0.0,-100000.0,-100000.0,0.0,2,
338532000000,349,338532000000,,0.0,0.0,0.0,0.0,0.0,0.0,0.0,-100000.0,-100000.0,0.0,2,
338632000000,350,338632000000,,0.0,0.0,0.0,0.0,0.0,0.0,0.0,-100000.0,-100000.0,0.0,2,
338732000000,351,338732000000,,0.0,0.0,0.0,0.0,0.0,0.0,0.0,-100000.0,-100000.0,0.0,2,
338833000000,352,338833000000,,0.0,0.0,0.0,0.0,0.0,0.0,0.0,-100000.0,-100000.0,0.0,2,
338932000000,353,338932000000,,0.0,0.0,0.0,0.0,0.0,0.0,0.0,-100000.0,-100000.0,0.0,2,
339032000000,354,339032000000,,0.0,0.0,0.0,0.0,0.0,0.0,0.0,-100000.0,-100000.0,0.0,2,
339132000000,355,339132000000,,0.0,0.0,0.0,0.0,0.0,0.0,0.0,-100000.0,-100000.0,0.0,2,
339232000000,356,339232000000,,0.0,0.0,0.0,0.0,0.0,0.0,0.0,-100000.0,-100000.0,0.0,2,
339332000000,357,339332000000,,0.0,0.0,0.0,0.0,0.0,0.0,0.0,-100000.0,-100000.0,0.0,2,
339432000000,358,339432000000,,0.0,0.0,0.0,0.0,0.0,0.0,0.0,-100000.0,-100000.0,0.0,2,
339532000000,359,339532000000,,0.0,0.0,0.0,0.0,0.0,0.0,0.0,-100000.0,-100000.0,0.0,2,
339633000000,360,339633000000,,0.0,0.0,0.0,0.0,0.0,0.0,0.0,-100000.0,-100000.0,0.0,2,
339733000000,361,339733000000,,0.0,0.0,0.0,0.0,0.0,0.0,0.0,-100000.0,-100000.0,0.0,2,
339833000000,362,339833000000,,0.0,0.0,0.0,0.0,0.0,0.0,0.0,-100000.0,-100000.0,0.0,2,
339932000000,363,339932000000,,0.0,0.0,0.0,0.0,0.0,0.0,0.0,-100000.0,-100000.0,0.0,2,
340032000000,364,340032000000,,0.0,0.0,0.0,0.0,0.0,0.0,0.0,-100000.0,-100000.0,0.0,2,
340133000000,365,340133000000,,0.0,0.0,0.0,0.0,0.0,0.0,0.0,-100000.0,-100000.0,0.0,2,
340233000000,366,340233000000,,0.0,0.0,0.0,0.0,0.0,0.0,0.0,-100000.0,-100000.0,0.0,2,
340332000000,367,340332000000,,0.0,0.0,0.0,0.0,0.0,0.0,0.0,-100000.0,-100000.0,0.0,2,
340433000000,368,340433000000,,0.0,0.0,0.0,0.0,0.0,0.0,0.0,-100000.0,-100000.0,0.0,2,
340532000000,369,340532000000,,0.0,0.0,0.0,0.0,0.0,0.0,0.0,-100000.0,-100000.0,0.0,2,
340633000000,370,340633000000,,0.0,0.0,0.0,0.0,0.0,0.0,0.0,-100000.0,-100000.0,0.0,2,
340732000000,371,340732000000,,0.0,0.0,0.0,0.0,0.0,0.0,0.0,-100000.0,-100000.0,0.0,2,
340832000000,372,340832000000,,0.0,0.0,0.0,0.0,0.0,0.0,0.0,-100000.0,-100000.0,0.0,2,
340932000000,373,340932000000,,0.0,0.0,0.0,0.0,0.0,0.0,0.0,-100000.0,-100000.0,0.0,2,
341032000000,374,341032000000,,0.0,0.0,0.0,0.0,0.0,0.0,0.0,-100000.0,-100000.0,0.0,2,
341133000000,375,341133000000,,0.0,0.0,0.0,0.0,0.0,0.0,0.0,-100000.0,-100000.0,0.0,2,
341232000000,376,341232000000,,0.0,0.0,0.0,0.0,0.0,0.0,0.0,-100000.0,-100000.0,0.0,2,
341332000000,377,341332000000,,0.0,0.0,0.0,0.0,0.0,0.0,0.0,-100000.0,-100000.0,0.0,2,
341432000000,378,341432000000,,0.0,0.0,0.0,0.0,0.0,0.0,0.0,-100000.0,-100000.0,0.0,2,
341533000000,379,341533000000,,0.0,0.0,0.0,0.0,0.0,0.0,0.0,-100000.0,-100000.0,0.0,2,
341632000000,380,341632000000,,0.0,0.0,0.0,0.0,0.0,0.0,0.0,-100000.0,-100000.0,0.0,2,
341732000000,381,341732000000,,0.0,0.0,0.0,0.0,0.0,0.0,0.0,-100000.0,-100000.0,0.0,2,
341832000000,382,341832000000,,0.0,0.0,0.0,0.0,0.0,0.0,0.0,-100000.0,-100000.0,0.0,2,
341932000000,383,341932000000,,0.0,0.0,0.0,0.0,0.0,0.0,0.0,-100000.0,-100000.0,0.0,2,
342033000000,384,342033000000,,0.0,0.0,0.0,0.0,0.0,0.0,0.0,-100000.0,-100000.0,0.0,2,
342132000000,385,342132000000,,0.0,0.0,0.0,0.0,0.0,0.0,0.0,-100000.0,-100000.0,0.0,2,
342232000000,386,342232000000,,0.0,0.0,0.0,0.0,0.0,0.0,0.0,-100000.0,-100000.0,0.0,2,
342332000000,387,342332000000,,0.0,0.0,0.0,0.0,0.0,0.0,0.0,-100000.0,-100000.0,0.0,2,
342433000000,388,342433000000,,0.0,0.0,0.0,0.0,0.0,0.0,0.0,-100000.0,-100000.0,0.0,2,
342532000000,389,342532000000,,0.0,0.0,0.0,0.0,0.0,0.0,0.0,-100000.0,-100000.0,0.0,2,
342632000000,390,342632000000,,0.0,0.0,0.0,0.0,0.0,0.0,0.0,-100000.0,-100000.0,0.0,2,
342732000000,391,342732000000,,0.0,0.0,0.0,0.0,0.0,0.0,0.0,-100000.0,-100000.0,0.0,2,
342832000000,392,342832000000,,0.0,0.0,0.0,0.0,0.0,0.0,0.0,-100000.0,-100000.0,0.0,2,
342932000000,393,342932000000,,0.0,0.0,0.0,0.0,0.0,0.0,0.0,-100000.0,-100000.0,0.0,2,
343032000000,394,343032000000,,0.0,0.0,0.0,0.0,0.0,0.0,0.0,-100000.0,-100000.0,0.0,2,
343132000000,395,343132000000,,0.0,0.0,0.0,0.0,0.0,0.0,0.0,-100000.0,-100000.0,0.0,2,
343232000000,396,343232000000,,0.0,0.0,0.0,0.0,0.0,0.0,0.0,-100000.0,-100000.0,0.0,2,
343332000000,397,343332000000,,0.0,0.0,0.0,0.0,0.0,0.0,0.0,-100000.0,-100000.0,0.0,2,
343433000000,398,343433000000,,0.0,0.0,0.0,0.0,0.0,0.0,0.0,-100000.0,-100000.0,0.0,2,
343532000000,399,343532000000,,0.0,0.0,0.0,0.0,0.0,0.0,0.0,-100000.0,-100000.0,0.0,2,
343632000000,400,343632000000,,0.0,0.0,0.0,0.0,0.0,0.0,0.0,-100000.0,-100000.0,0.0,2,
343732000000,401,343732000000,,0.0,0.0,0.0,0.0,0.0,0.0,0.0,-100000.0,-100000.0,0.0,2,
343833000000,402,343833000000,,0.0,0.0,0.0,0.0,0.0,0.0,0.0,-100000.0,-100000.0,0.0,2,
343932000000,403,343932000000,,0.0,0.0,0.0,0.0,0.0,0.0,0.0,-100000.0,-100000.0,0.0,2,
344032000000,404,344032000000,,0.0,0.0,0.0,0.0,0.0,0.0,0.0,-100000.0,-100000.0,0.0,2,
344132000000,405,344132000000,,0.0,0.0,0.0,0.0,0.0,0.0,0.0,-100000.0,-100000.0,0.0,2,
344232000000,406,344232000000,,0.0,0.0,0.0,0.0,0.0,0.0,0.0,-100000.0,-100000.0,0.0,2,
344332000000,407,344332000000,,0.0,0.0,0.0,0.0,0.0,0.0,0.0,-100000.0,-100000.0,0.0,2,
344432000000,408,344432000000,,0.0,0.0,0.0,0.0,0.0,0.0,0.0,-100000.0,-100000.0,0.0,2,
344532000000,409,344532000000,,0.0,0.0,0.0,0.0,0.0,0.0,0.0,-100000.0,-100000.0,0.0,2,
344633000000,410,344633000000,,0.0,0.0,0.0,0.0,0.0,0.0,0.0,-100000.0,-100000.0,0.0,2,
344732000000,411,344732000000,,0.0,0.0,0.0,0.0,0.0,0.0,0.0,-100000.0,-100000.0,0.0,2,
344833000000,412,344833000000,,0.0,0.0,0.0,0.0,0.0,0.0,0.0,-100000.0,-100000.0,0.0,2,
344933000000,413,344933000000,,0.0,0.0,0.0,0.0,0.0,0.0,0.0,-100000.0,-100000.0,0.0,2,
345032000000,414,345032000000,,0.0,0.0,0.0,0.0,0.0,0.0,0.0,-100000.0,-100000.0,0.0,2,
345132000000,415,345132000000,,0.0,0.0,0.0,0.0,0.0,0.0,0.0,-100000.0,-100000.0,0.0,2,
345233000000,416,345233000000,,0.0,0.0,0.0,0.0,0.0,0.0,0.0,-100000.0,-100000.0,0.0,2,
345332000000,417,345332000000,,0.0,0.0,0.0,0.0,0.0,0.0,0.0,-100000.0,-100000.0,0.0,2,
345432000000,418,345432000000,,0.0,0.0,0.0,0.0,0.0,0.0,0.0,-100000.0,-100000.0,0.0,2,
345532000000,419,345532000000,,0.0,0.0,0.0,0.0,0.0,0.0,0.0,-100000.0,-100000.0,0.0,2,
345632000000,420,345632000000,,0.0,0.0,0.0,0.0,0.0,0.0,0.0,-100000.0,-100000.0,0.0,2,
345732000000,421,345732000000,,0.0,0.0,0.0,0.0,0.0,0.0,0.0,-100000.0,-100000.0,0.0,2,
345833000000,422,345833000000,,0.0,0.0,0.0,0.0,0.0,0.0,0.0,-100000.0,-100000.0,0.0,2,
345932000000,423,345932000000,,0.0,0.0,0.0,0.0,0.0,0.0,0.0,-100000.0,-100000.0,0.0,2,
346032000000,424,346032000000,,0.0,0.0,0.0,0.0,0.0,0.0,0.0,-100000.0,-100000.0,0.0,2,
346133000000,425,346133000000,,0.0,0.0,0.0,0.0,0.0,0.0,0.0,-100000.0,-100000.0,0.0,2,
346233000000,426,346233000000,,0.0,0.0,0.0,0.0,0.0,0.0,0.0,-100000.0,-100000.0,0.0,2,
346333000000,427,346333000000,,0.0,0.0,0.0,0.0,0.0,0.0,0.0,-100000.0,-100000.0,0.0,2,
346433000000,428,346433000000,,0.0,0.0,0.0,0.0,0.0,0.0,0.0,-100000.0,-100000.0,0.0,2,
346533000000,429,346533000000,,0.0,0.0,0.0,0.0,0.0,0.0,0.0,-100000.0,-100000.0,0.0,2,Goal was reached
